-----------------------------------------------------------------
-- Categories
-----------------------------------------------------------------
INSERT INTO
    categories (category_id, category_name)
VALUES
    ('3eb7a17daeef488ca0457e61f117bce4', 'Western'),
    ('d4050016714e47879b0e037d278024e5', 'Drama'),
    ('927331a330104b868bb8223b5879e017', 'Comedy'),
    ('37a4966fb15849c787748e3281cb60fb', 'Sci-Fi'),
    ('338e53e6f27c4ecdb0d2ad3c6320c4ed', 'Crime'),
    ('a86afc9fd7c9450cbc23d878f569f015', 'Fantasy'),
    ('3695a60f99704ba29c7b6877e4a0e9c0', 'Mystery'),
    ('129ed410c8d14e4995cc72d4dee31b01', 'Thriller'),
    ('6e70c51d6d124d21948f6438cbe53925', 'Romance'),
    ('3e4d6bb0bbd0438988f47d70f95966e8', 'Horror'),
    ('6559d6773ed94d6d97fd622aa96a4f55', 'Family'),
    ('c847b2747cbb4108985d4eaae567c54d', 'Documentary'),
    ('5ef06dc906b44aef85d598870f08d9fe', 'Action'),
    ('a335c04b91cd4b9498f1a36494de6726', 'Adventure'),
    ('5a4764bde1ba48a2bc169a45cafd9b29', 'War'),
    ('78450ed2942646a08a9af24fc403dbe2', 'Sport');

-----------------------------------------------------------------
-- Actors
-----------------------------------------------------------------
INSERT INTO
    actors (actor_id, actor_name)
VALUES
    ('de1621d42ec344a48a498c13c6d7ba23', 'Keanu Reeves'),
    ('e183f032045b495690336935c8cf8887', 'Al Pacino'),
    ('5b36c7c685f14edd-b8b349c8f3caaba5', 'Robert Downey Jr'),
    ('ca1ac92ff56b45bcac0219211d36eb4a', 'Denzel Washington'),
    ('7168a06956dc4b8388d66f30c03c1632', 'Angelina Jolie'),
    ('450f3260d7fc4455b831860e03629e88', 'Charlize Theron');

-----------------------------------------------------------------
-- Film Crew People
-----------------------------------------------------------------
INSERT INTO
    film_crew_people (person_id, person_name)
VALUES
    ('8636bf7ffe8c48b78b8116c8fa092c4d', 'Anthony Russo'),
    ('88a7bde4a4284d6cba2d203ab8113818', 'Joe Russo'),
    ('5197bb6502054587add8b731d91ec49f', 'Stan Lee'),
    ('aaa153028dd645e8b44d24c3d55550b2', 'Jack Kirby'),
    ('fd1a6d932cbe44b68dd7d49ac8f8c5b8', 'Jim Starlin'),
    ('001f4a64c7b448e69cbae27b3a4a36a6', 'Ruben Fleischer'),
    ('32ce98f94fc1469dac2e-582a7d8c1af4', 'Todd McFarlane'),
    ('ea8c203e31144234-9987c35eb17c121c', 'David Michelinie'),
    ('14c1fbfe18944c3eb86be1e89ab337c2', 'Joe Johnston'),
    ('46ff1a27d1a743698cd700b80c173055', 'Jon Favreau'),
    ('e3c8b36a12234ea7b6c3c391c9564960', 'Kevin Feige'),
    ('984cb790feee465ab79e673cc2542236', 'Taylor Hackford'),
    ('4eeac1072e664bd8a127f9f1631f680f', 'Andrew Neiderman'),
    ('7947646a4ad14677ba84-40d98b20791a', 'Jonathan Lemkin'),
    ('5b236a10e1a34a4bbf9ffbe9e648acbd', 'Phillip Noyce'),
    ('af877aca802b4e21b330-fde905b780cb', 'Tony Gilroy');

-----------------------------------------------------------------
-- Film Crew Roles
-----------------------------------------------------------------
INSERT INTO
    film_crew_roles (role_id, role_name, role_description)
VALUES
    ('3785a4aebdd541f191f89a2f651f9677', 'Screenwriter', 'Lorem ipsum dolor sit amet, consectetur adipiscing elit, sed do eiusmod tempor incididunt ut labore et dolore magna aliqua. Ut enim ad minim veniam, quis nostrud exercitation ullamco laboris nisi ut aliquip ex ea commodo consequat. Duis aute irure dolor in reprehenderit in voluptate velit esse cillum dolore eu fugiat nulla pariatur. Excepteur sint occaecat cupidatat non proident, sunt in culpa qui officia deserunt mollit anim id est laborum.'),
    ('7e290cc71b9c46b49bbcf4f9f66be199', 'Director', 'Lorem ipsum dolor sit amet, consectetur adipiscing elit, sed do eiusmod tempor incididunt ut labore et dolore magna aliqua. Ut enim ad minim veniam, quis nostrud exercitation ullamco laboris nisi ut aliquip ex ea commodo consequat. Duis aute irure dolor in reprehenderit in voluptate velit esse cillum dolore eu fugiat nulla pariatur. Excepteur sint occaecat cupidatat non proident, sunt in culpa qui officia deserunt mollit anim id est laborum.'),
    ('12252726-bd0246a6857714a4ab2c5470', 'Camera Operator', 'Lorem ipsum dolor sit amet, consectetur adipiscing elit, sed do eiusmod tempor incididunt ut labore et dolore magna aliqua. Ut enim ad minim veniam, quis nostrud exercitation ullamco laboris nisi ut aliquip ex ea commodo consequat. Duis aute irure dolor in reprehenderit in voluptate velit esse cillum dolore eu fugiat nulla pariatur. Excepteur sint occaecat cupidatat non proident, sunt in culpa qui officia deserunt mollit anim id est laborum.'),
    ('951dc6167aea44968a8c802d8bd23969', 'Costume Designer', 'Lorem ipsum dolor sit amet, consectetur adipiscing elit, sed do eiusmod tempor incididunt ut labore et dolore magna aliqua. Ut enim ad minim veniam, quis nostrud exercitation ullamco laboris nisi ut aliquip ex ea commodo consequat. Duis aute irure dolor in reprehenderit in voluptate velit esse cillum dolore eu fugiat nulla pariatur. Excepteur sint occaecat cupidatat non proident, sunt in culpa qui officia deserunt mollit anim id est laborum.'),
    ('5491b9e2ba0e4461ab12f890ea2c558c', 'Production Manager', 'Lorem ipsum dolor sit amet, consectetur adipiscing elit, sed do eiusmod tempor incididunt ut labore et dolore magna aliqua. Ut enim ad minim veniam, quis nostrud exercitation ullamco laboris nisi ut aliquip ex ea commodo consequat. Duis aute irure dolor in reprehenderit in voluptate velit esse cillum dolore eu fugiat nulla pariatur. Excepteur sint occaecat cupidatat non proident, sunt in culpa qui officia deserunt mollit anim id est laborum.'),
    ('8b3c67c99b1a4310a335255640e8295b', 'Producer', 'Lorem ipsum dolor sit amet, consectetur adipiscing elit, sed do eiusmod tempor incididunt ut labore et dolore magna aliqua. Ut enim ad minim veniam, quis nostrud exercitation ullamco laboris nisi ut aliquip ex ea commodo consequat. Duis aute irure dolor in reprehenderit in voluptate velit esse cillum dolore eu fugiat nulla pariatur. Excepteur sint occaecat cupidatat non proident, sunt in culpa qui officia deserunt mollit anim id est laborum.'),
    ('ac8092ee-22bb422da70535ca657cf84f', 'Recurring', 'Lorem ipsum dolor sit amet, consectetur adipiscing elit, sed do eiusmod tempor incididunt ut labore et dolore magna aliqua. Ut enim ad minim veniam, quis nostrud exercitation ullamco laboris nisi ut aliquip ex ea commodo consequat. Duis aute irure dolor in reprehenderit in voluptate velit esse cillum dolore eu fugiat nulla pariatur. Excepteur sint occaecat cupidatat non proident, sunt in culpa qui officia deserunt mollit anim id est laborum.');

-----------------------------------------------------------------
-- Acting Roles
-----------------------------------------------------------------
INSERT INTO
    acting_roles (role_id, role_name, role_description)
VALUES
    ('d07dfaea806c46c49cabf4ae7edfb58b', 'Star', 'Lorem ipsum dolor sit amet, consectetur adipiscing elit, sed do eiusmod tempor incididunt ut labore et dolore magna aliqua. Ut enim ad minim veniam, quis nostrud exercitation ullamco laboris nisi ut aliquip ex ea commodo consequat. Duis aute irure dolor in reprehenderit in voluptate velit esse cillum dolore eu fugiat nulla pariatur. Excepteur sint occaecat cupidatat non proident, sunt in culpa qui officia deserunt mollit anim id est laborum.'),
    ('b950266984a94841b649-0f6af78e2bbf', 'Supporting Actor', 'Lorem ipsum dolor sit amet, consectetur adipiscing elit, sed do eiusmod tempor incididunt ut labore et dolore magna aliqua. Ut enim ad minim veniam, quis nostrud exercitation ullamco laboris nisi ut aliquip ex ea commodo consequat. Duis aute irure dolor in reprehenderit in voluptate velit esse cillum dolore eu fugiat nulla pariatur. Excepteur sint occaecat cupidatat non proident, sunt in culpa qui officia deserunt mollit anim id est laborum.'),
    ('a622877f-9d734136b535fdebcb596f93', 'Guest Star', 'Lorem ipsum dolor sit amet, consectetur adipiscing elit, sed do eiusmod tempor incididunt ut labore et dolore magna aliqua. Ut enim ad minim veniam, quis nostrud exercitation ullamco laboris nisi ut aliquip ex ea commodo consequat. Duis aute irure dolor in reprehenderit in voluptate velit esse cillum dolore eu fugiat nulla pariatur. Excepteur sint occaecat cupidatat non proident, sunt in culpa qui officia deserunt mollit anim id est laborum.'),
    ('732ddd48-d4d54351ab8e67032b61fad6', 'Cameo', 'Lorem ipsum dolor sit amet, consectetur adipiscing elit, sed do eiusmod tempor incididunt ut labore et dolore magna aliqua. Ut enim ad minim veniam, quis nostrud exercitation ullamco laboris nisi ut aliquip ex ea commodo consequat. Duis aute irure dolor in reprehenderit in voluptate velit esse cillum dolore eu fugiat nulla pariatur. Excepteur sint occaecat cupidatat non proident, sunt in culpa qui officia deserunt mollit anim id est laborum.'),
    ('e090acd95b9a4de399a5e2bd8fc99926', 'Background Actor', 'Lorem ipsum dolor sit amet, consectetur adipiscing elit, sed do eiusmod tempor incididunt ut labore et dolore magna aliqua. Ut enim ad minim veniam, quis nostrud exercitation ullamco laboris nisi ut aliquip ex ea commodo consequat. Duis aute irure dolor in reprehenderit in voluptate velit esse cillum dolore eu fugiat nulla pariatur. Excepteur sint occaecat cupidatat non proident, sunt in culpa qui officia deserunt mollit anim id est laborum.');

-----------------------------------------------------------------
-- Movies
-----------------------------------------------------------------
INSERT INTO
    movies (movie_id, title, length, short_description, plot_summary, plot_synopsis, release_year)
VALUES
    ('41dad570130f4397af9cbd9a525c129a', 'Iron Man', '90', 'Sed ut perspiciatis unde omnis iste natus error sit voluptatem accusantium doloremque laudantium, totam rem aperiam, eaque ipsa quae illo inventore.', 'Sed ut perspiciatis unde omnis iste natus error sit voluptatem accusantium doloremque laudantium, totam rem aperiam, eaque ipsa quae ab illo inventore veritatis et quasi architecto beatae vitae dicta sunt explicabo. Nemo enim ipsam voluptatem quia voluptas sit aspernatur aut odit aut fugit, sed quia consequuntur magni dolores eos qui ratione voluptatem sequi nesciunt porro quisquam est, qui dolorem ipsum quia dolor sit amet, consectetur, adipisci velit sed.', 'At vero eos et accusamus et iusto odio dignissimos ducimus qui blanditiis praesentium voluptatum deleniti atque corrupti quos dolores et quas molestias excepturi sint occaecati cupiditate non provident, similique sunt in culpa qui officia deserunt mollitia animi, id est laborum et dolorum fuga. Et harum quidem rerum facilis est et expedita distinctio. Nam libero tempore, cum soluta nobis est eligendi optio cumque nihil impedit quo minus id quod maxime placeat facere possimus, omnis voluptas assumenda est, omnis dolor repellendus. Temporibus autem quibusdam et aut officiis debitis aut rerum necessitatibus saepe eveniet ut et voluptates repudiandae sint et molestiae non recusandae. Itaque earum rerum hic tenetur a sapiente delectus, ut aut reiciendis voluptatibus maiores alias consequatur aut perferendis doloribus asperiores repellat.', 2008),
    ('5dd4cf43e7f04eeea35d3b3727b92ee1', 'Infinity War', '150', 'Sed ut perspiciatis unde omnis iste natus error sit voluptatem accusantium doloremque laudantium, totam rem aperiam, eaque ipsa quae illo inventore.', 'Sed ut perspiciatis unde omnis iste natus error sit voluptatem accusantium doloremque laudantium, totam rem aperiam, eaque ipsa quae ab illo inventore veritatis et quasi architecto beatae vitae dicta sunt explicabo. Nemo enim ipsam voluptatem quia voluptas sit aspernatur aut odit aut fugit, sed quia consequuntur magni dolores eos qui ratione voluptatem sequi nesciunt porro quisquam est, qui dolorem ipsum quia dolor sit amet, consectetur, adipisci velit sed.', 'At vero eos et accusamus et iusto odio dignissimos ducimus qui blanditiis praesentium voluptatum deleniti atque corrupti quos dolores et quas molestias excepturi sint occaecati cupiditate non provident, similique sunt in culpa qui officia deserunt mollitia animi, id est laborum et dolorum fuga. Et harum quidem rerum facilis est et expedita distinctio. Nam libero tempore, cum soluta nobis est eligendi optio cumque nihil impedit quo minus id quod maxime placeat facere possimus, omnis voluptas assumenda est, omnis dolor repellendus. Temporibus autem quibusdam et aut officiis debitis aut rerum necessitatibus saepe eveniet ut et voluptates repudiandae sint et molestiae non recusandae. Itaque earum rerum hic tenetur a sapiente delectus, ut aut reiciendis voluptatibus maiores alias consequatur aut perferendis doloribus asperiores repellat.', 2018),
    ('be49c6de0761401bad9dbae17c0f8327', 'Venom', '90', 'Sed ut perspiciatis unde omnis iste natus error sit voluptatem accusantium doloremque laudantium, totam rem aperiam, eaque ipsa quae illo inventore.', 'Sed ut perspiciatis unde omnis iste natus error sit voluptatem accusantium doloremque laudantium, totam rem aperiam, eaque ipsa quae ab illo inventore veritatis et quasi architecto beatae vitae dicta sunt explicabo. Nemo enim ipsam voluptatem quia voluptas sit aspernatur aut odit aut fugit, sed quia consequuntur magni dolores eos qui ratione voluptatem sequi nesciunt porro quisquam est, qui dolorem ipsum quia dolor sit amet, consectetur, adipisci velit sed.', 'At vero eos et accusamus et iusto odio dignissimos ducimus qui blanditiis praesentium voluptatum deleniti atque corrupti quos dolores et quas molestias excepturi sint occaecati cupiditate non provident, similique sunt in culpa qui officia deserunt mollitia animi, id est laborum et dolorum fuga. Et harum quidem rerum facilis est et expedita distinctio. Nam libero tempore, cum soluta nobis est eligendi optio cumque nihil impedit quo minus id quod maxime placeat facere possimus, omnis voluptas assumenda est, omnis dolor repellendus. Temporibus autem quibusdam et aut officiis debitis aut rerum necessitatibus saepe eveniet ut et voluptates repudiandae sint et molestiae non recusandae. Itaque earum rerum hic tenetur a sapiente delectus, ut aut reiciendis voluptatibus maiores alias consequatur aut perferendis doloribus asperiores repellat.', 2018),
    ('9bec3337dea24f768e3e8240645f7b1f', 'The Devils Advocate', '85', 'Sed ut perspiciatis unde omnis iste natus error sit voluptatem accusantium doloremque laudantium, totam rem aperiam, eaque ipsa quae illo inventore.', 'Sed ut perspiciatis unde omnis iste natus error sit voluptatem accusantium doloremque laudantium, totam rem aperiam, eaque ipsa quae ab illo inventore veritatis et quasi architecto beatae vitae dicta sunt explicabo. Nemo enim ipsam voluptatem quia voluptas sit aspernatur aut odit aut fugit, sed quia consequuntur magni dolores eos qui ratione voluptatem sequi nesciunt porro quisquam est, qui dolorem ipsum quia dolor sit amet, consectetur, adipisci velit sed.', 'At vero eos et accusamus et iusto odio dignissimos ducimus qui blanditiis praesentium voluptatum deleniti atque corrupti quos dolores et quas molestias excepturi sint occaecati cupiditate non provident, similique sunt in culpa qui officia deserunt mollitia animi, id est laborum et dolorum fuga. Et harum quidem rerum facilis est et expedita distinctio. Nam libero tempore, cum soluta nobis est eligendi optio cumque nihil impedit quo minus id quod maxime placeat facere possimus, omnis voluptas assumenda est, omnis dolor repellendus. Temporibus autem quibusdam et aut officiis debitis aut rerum necessitatibus saepe eveniet ut et voluptates repudiandae sint et molestiae non recusandae. Itaque earum rerum hic tenetur a sapiente delectus, ut aut reiciendis voluptatibus maiores alias consequatur aut perferendis doloribus asperiores repellat.', 1997),
    ('8fc13ddddc6e4b0490f3ab77ef73e9f2', 'The Bone Collector', '100', 'Sed ut perspiciatis unde omnis iste natus error sit voluptatem accusantium doloremque laudantium, totam rem aperiam, eaque ipsa quae illo inventore.', 'Sed ut perspiciatis unde omnis iste natus error sit voluptatem accusantium doloremque laudantium, totam rem aperiam, eaque ipsa quae ab illo inventore veritatis et quasi architecto beatae vitae dicta sunt explicabo. Nemo enim ipsam voluptatem quia voluptas sit aspernatur aut odit aut fugit, sed quia consequuntur magni dolores eos qui ratione voluptatem sequi nesciunt porro quisquam est, qui dolorem ipsum quia dolor sit amet, consectetur, adipisci velit sed.', 'At vero eos et accusamus et iusto odio dignissimos ducimus qui blanditiis praesentium voluptatum deleniti atque corrupti quos dolores et quas molestias excepturi sint occaecati cupiditate non provident, similique sunt in culpa qui officia deserunt mollitia animi, id est laborum et dolorum fuga. Et harum quidem rerum facilis est et expedita distinctio. Nam libero tempore, cum soluta nobis est eligendi optio cumque nihil impedit quo minus id quod maxime placeat facere possimus, omnis voluptas assumenda est, omnis dolor repellendus. Temporibus autem quibusdam et aut officiis debitis aut rerum necessitatibus saepe eveniet ut et voluptates repudiandae sint et molestiae non recusandae. Itaque earum rerum hic tenetur a sapiente delectus, ut aut reiciendis voluptatibus maiores alias consequatur aut perferendis doloribus asperiores repellat.', 1999);

-----------------------------------------------------------------
-- Categories associated with movies
-----------------------------------------------------------------
INSERT INTO
    movies_categories (category_id, movie_id)
VALUES
    ('5ef06dc906b44aef85d598870f08d9fe', '41dad570130f4397af9cbd9a525c129a'),
    ('a335c04b91cd4b9498f1a36494de6726', '41dad570130f4397af9cbd9a525c129a');

-----------------------------------------------------------------
-- Cast Members
-----------------------------------------------------------------
INSERT INTO
    cast_members (actor_id, movie_id, role_id)
VALUES
    ('5b36c7c685f14edd-b8b349c8f3caaba5', '41dad570130f4397af9cbd9a525c129a', 'd07dfaea806c46c49cabf4ae7edfb58b'),
    ('de1621d42ec344a48a498c13c6d7ba23', '9bec3337dea24f768e3e8240645f7b1f', 'd07dfaea806c46c49cabf4ae7edfb58b'),
    ('7168a06956dc4b8388d66f30c03c1632', '8fc13ddddc6e4b0490f3ab77ef73e9f2', 'd07dfaea806c46c49cabf4ae7edfb58b');

-----------------------------------------------------------------
-- Film Crew Members
-----------------------------------------------------------------
INSERT INTO
    film_crew_members (person_id, movie_id, role_id)
VALUES
    ('5b236a10e1a34a4bbf9ffbe9e648acbd', '8fc13ddddc6e4b0490f3ab77ef73e9f2', '7e290cc71b9c46b49bbcf4f9f66be199'),
    ('4eeac1072e664bd8a127f9f1631f680f', '9bec3337dea24f768e3e8240645f7b1f', '3785a4aebdd541f191f89a2f651f9677'),
    ('88a7bde4a4284d6cba2d203ab8113818', '5dd4cf43e7f04eeea35d3b3727b92ee1', '7e290cc71b9c46b49bbcf4f9f66be199'),
    ('8636bf7ffe8c48b78b8116c8fa092c4d', '5dd4cf43e7f04eeea35d3b3727b92ee1', '7e290cc71b9c46b49bbcf4f9f66be199');

-----------------------------------------------------------------
-- Movies Reviews
-----------------------------------------------------------------
INSERT INTO
    reviews (review_id, movie_id, comment, reviewer_name, rating)
VALUES
    ('9b2ea2880ab542c3a1baa88fe44dcfa4', '41dad570130f4397af9cbd9a525c129a', 'Lorem ipsum dolor sit amet, consectetur adipiscing elit, sed do eiusmod tempor incididunt ut labore et dolore magna aliqua. Ut enim ad minim veniam, quis nostrud exercitation ullamco laboris nisi ut aliquip ex ea commodo consequat. Duis aute irure dolor in reprehenderit in voluptate velit esse cillum dolore eu fugiat nulla pariatur. Excepteur sint occaecat cupidatat non proident, sunt in culpa qui officia deserunt mollit anim id est laborum.', 'Dominik Macfarlane', '5'),
    ('ae9d052c80e1449ba672d76226744d2c', '41dad570130f4397af9cbd9a525c129a', 'Lorem ipsum dolor sit amet, consectetur adipiscing elit, sed do eiusmod tempor incididunt ut labore et dolore magna aliqua. Ut enim ad minim veniam, quis nostrud exercitation ullamco laboris nisi ut aliquip ex ea commodo consequat. Duis aute irure dolor in reprehenderit in voluptate velit esse cillum dolore eu fugiat nulla pariatur. Excepteur sint occaecat cupidatat non proident, sunt in culpa qui officia deserunt mollit anim id est laborum.', 'Anushka Roberson', '4'),
    ('83d3ffae1c684ad49589e1f7bb8b5255', '41dad570130f4397af9cbd9a525c129a', 'Lorem ipsum dolor sit amet, consectetur adipiscing elit, sed do eiusmod tempor incididunt ut labore et dolore magna aliqua. Ut enim ad minim veniam, quis nostrud exercitation ullamco laboris nisi ut aliquip ex ea commodo consequat. Duis aute irure dolor in reprehenderit in voluptate velit esse cillum dolore eu fugiat nulla pariatur. Excepteur sint occaecat cupidatat non proident, sunt in culpa qui officia deserunt mollit anim id est laborum.', 'Isaak Holloway', '3'),
    ('ce4c5f8af78b41c4b406f5faf9767070', '41dad570130f4397af9cbd9a525c129a', 'Lorem ipsum dolor sit amet, consectetur adipiscing elit, sed do eiusmod tempor incididunt ut labore et dolore magna aliqua. Ut enim ad minim veniam, quis nostrud exercitation ullamco laboris nisi ut aliquip ex ea commodo consequat. Duis aute irure dolor in reprehenderit in voluptate velit esse cillum dolore eu fugiat nulla pariatur. Excepteur sint occaecat cupidatat non proident, sunt in culpa qui officia deserunt mollit anim id est laborum.', 'Renee Christian', '2'),
    ('47443d46c821400caaa59d7e2798af7c', '41dad570130f4397af9cbd9a525c129a', 'Lorem ipsum dolor sit amet, consectetur adipiscing elit, sed do eiusmod tempor incididunt ut labore et dolore magna aliqua. Ut enim ad minim veniam, quis nostrud exercitation ullamco laboris nisi ut aliquip ex ea commodo consequat. Duis aute irure dolor in reprehenderit in voluptate velit esse cillum dolore eu fugiat nulla pariatur. Excepteur sint occaecat cupidatat non proident, sunt in culpa qui officia deserunt mollit anim id est laborum.', 'Tymoteusz Munoz', '1'),

    ('56c1c19a2fb440e98b2731d777e68347', '5dd4cf43e7f04eeea35d3b3727b92ee1', 'Lorem ipsum dolor sit amet, consectetur adipiscing elit, sed do eiusmod tempor incididunt ut labore et dolore magna aliqua. Ut enim ad minim veniam, quis nostrud exercitation ullamco laboris nisi ut aliquip ex ea commodo consequat. Duis aute irure dolor in reprehenderit in voluptate velit esse cillum dolore eu fugiat nulla pariatur. Excepteur sint occaecat cupidatat non proident, sunt in culpa qui officia deserunt mollit anim id est laborum.', 'Paula Brookes', '5'),
    ('0ad0032a90d7402e9a566ed57d643619', '5dd4cf43e7f04eeea35d3b3727b92ee1', 'Lorem ipsum dolor sit amet, consectetur adipiscing elit, sed do eiusmod tempor incididunt ut labore et dolore magna aliqua. Ut enim ad minim veniam, quis nostrud exercitation ullamco laboris nisi ut aliquip ex ea commodo consequat. Duis aute irure dolor in reprehenderit in voluptate velit esse cillum dolore eu fugiat nulla pariatur. Excepteur sint occaecat cupidatat non proident, sunt in culpa qui officia deserunt mollit anim id est laborum.', 'Kier Hess', '4'),
    ('7a2e8265dcf348fcb82b6a2dba1ca11f', '5dd4cf43e7f04eeea35d3b3727b92ee1', 'Lorem ipsum dolor sit amet, consectetur adipiscing elit, sed do eiusmod tempor incididunt ut labore et dolore magna aliqua. Ut enim ad minim veniam, quis nostrud exercitation ullamco laboris nisi ut aliquip ex ea commodo consequat. Duis aute irure dolor in reprehenderit in voluptate velit esse cillum dolore eu fugiat nulla pariatur. Excepteur sint occaecat cupidatat non proident, sunt in culpa qui officia deserunt mollit anim id est laborum.', 'Misty Milne', '3'),
    ('4d2210c071714d04a200a78b7658ce50', '5dd4cf43e7f04eeea35d3b3727b92ee1', 'Lorem ipsum dolor sit amet, consectetur adipiscing elit, sed do eiusmod tempor incididunt ut labore et dolore magna aliqua. Ut enim ad minim veniam, quis nostrud exercitation ullamco laboris nisi ut aliquip ex ea commodo consequat. Duis aute irure dolor in reprehenderit in voluptate velit esse cillum dolore eu fugiat nulla pariatur. Excepteur sint occaecat cupidatat non proident, sunt in culpa qui officia deserunt mollit anim id est laborum.', 'Alisa Gamble', '2'),
    ('10f4eedfedd8477d9abbd40216b29f28', '5dd4cf43e7f04eeea35d3b3727b92ee1', 'Lorem ipsum dolor sit amet, consectetur adipiscing elit, sed do eiusmod tempor incididunt ut labore et dolore magna aliqua. Ut enim ad minim veniam, quis nostrud exercitation ullamco laboris nisi ut aliquip ex ea commodo consequat. Duis aute irure dolor in reprehenderit in voluptate velit esse cillum dolore eu fugiat nulla pariatur. Excepteur sint occaecat cupidatat non proident, sunt in culpa qui officia deserunt mollit anim id est laborum.', 'Marc Frazier', '1'),

    ('6952743f0ce14288b7c5980506599b92', 'be49c6de0761401bad9dbae17c0f8327', 'Lorem ipsum dolor sit amet, consectetur adipiscing elit, sed do eiusmod tempor incididunt ut labore et dolore magna aliqua. Ut enim ad minim veniam, quis nostrud exercitation ullamco laboris nisi ut aliquip ex ea commodo consequat. Duis aute irure dolor in reprehenderit in voluptate velit esse cillum dolore eu fugiat nulla pariatur. Excepteur sint occaecat cupidatat non proident, sunt in culpa qui officia deserunt mollit anim id est laborum.', 'Jensen Beach', '5'),
    ('1277e602b77e4b1bbd1ce70d3215245a', 'be49c6de0761401bad9dbae17c0f8327', 'Lorem ipsum dolor sit amet, consectetur adipiscing elit, sed do eiusmod tempor incididunt ut labore et dolore magna aliqua. Ut enim ad minim veniam, quis nostrud exercitation ullamco laboris nisi ut aliquip ex ea commodo consequat. Duis aute irure dolor in reprehenderit in voluptate velit esse cillum dolore eu fugiat nulla pariatur. Excepteur sint occaecat cupidatat non proident, sunt in culpa qui officia deserunt mollit anim id est laborum.', 'Magdalena Wilde', '4'),
    ('c0f397cd4fc14a318c071d934bb3486e', 'be49c6de0761401bad9dbae17c0f8327', 'Lorem ipsum dolor sit amet, consectetur adipiscing elit, sed do eiusmod tempor incididunt ut labore et dolore magna aliqua. Ut enim ad minim veniam, quis nostrud exercitation ullamco laboris nisi ut aliquip ex ea commodo consequat. Duis aute irure dolor in reprehenderit in voluptate velit esse cillum dolore eu fugiat nulla pariatur. Excepteur sint occaecat cupidatat non proident, sunt in culpa qui officia deserunt mollit anim id est laborum.', 'Mike Hooper', '3'),
    ('5df9a6bad44c4617ac5592f2abcb406a', 'be49c6de0761401bad9dbae17c0f8327', 'Lorem ipsum dolor sit amet, consectetur adipiscing elit, sed do eiusmod tempor incididunt ut labore et dolore magna aliqua. Ut enim ad minim veniam, quis nostrud exercitation ullamco laboris nisi ut aliquip ex ea commodo consequat. Duis aute irure dolor in reprehenderit in voluptate velit esse cillum dolore eu fugiat nulla pariatur. Excepteur sint occaecat cupidatat non proident, sunt in culpa qui officia deserunt mollit anim id est laborum.', 'Colin Singh', '2'),
    ('143fc184db004e3db002a6a8c4d146d1', 'be49c6de0761401bad9dbae17c0f8327', 'Lorem ipsum dolor sit amet, consectetur adipiscing elit, sed do eiusmod tempor incididunt ut labore et dolore magna aliqua. Ut enim ad minim veniam, quis nostrud exercitation ullamco laboris nisi ut aliquip ex ea commodo consequat. Duis aute irure dolor in reprehenderit in voluptate velit esse cillum dolore eu fugiat nulla pariatur. Excepteur sint occaecat cupidatat non proident, sunt in culpa qui officia deserunt mollit anim id est laborum.', 'Aislinn Duncan', '1'),

    ('65e56af582e64f40a567ad065044531e', '9bec3337dea24f768e3e8240645f7b1f', 'Lorem ipsum dolor sit amet, consectetur adipiscing elit, sed do eiusmod tempor incididunt ut labore et dolore magna aliqua. Ut enim ad minim veniam, quis nostrud exercitation ullamco laboris nisi ut aliquip ex ea commodo consequat. Duis aute irure dolor in reprehenderit in voluptate velit esse cillum dolore eu fugiat nulla pariatur. Excepteur sint occaecat cupidatat non proident, sunt in culpa qui officia deserunt mollit anim id est laborum.', 'Kaydee Estes', '5'),
    ('90a878e1f73141248432b4ea3646b321', '9bec3337dea24f768e3e8240645f7b1f', 'Lorem ipsum dolor sit amet, consectetur adipiscing elit, sed do eiusmod tempor incididunt ut labore et dolore magna aliqua. Ut enim ad minim veniam, quis nostrud exercitation ullamco laboris nisi ut aliquip ex ea commodo consequat. Duis aute irure dolor in reprehenderit in voluptate velit esse cillum dolore eu fugiat nulla pariatur. Excepteur sint occaecat cupidatat non proident, sunt in culpa qui officia deserunt mollit anim id est laborum.', 'Kashif Rush', '4'),
    ('11d62122484c4bcca0ed1297f9520ea7', '9bec3337dea24f768e3e8240645f7b1f', 'Lorem ipsum dolor sit amet, consectetur adipiscing elit, sed do eiusmod tempor incididunt ut labore et dolore magna aliqua. Ut enim ad minim veniam, quis nostrud exercitation ullamco laboris nisi ut aliquip ex ea commodo consequat. Duis aute irure dolor in reprehenderit in voluptate velit esse cillum dolore eu fugiat nulla pariatur. Excepteur sint occaecat cupidatat non proident, sunt in culpa qui officia deserunt mollit anim id est laborum.', 'Tre Novak', '3'),
    ('fde54d60e1704107b29908203a4eac47', '9bec3337dea24f768e3e8240645f7b1f', 'Lorem ipsum dolor sit amet, consectetur adipiscing elit, sed do eiusmod tempor incididunt ut labore et dolore magna aliqua. Ut enim ad minim veniam, quis nostrud exercitation ullamco laboris nisi ut aliquip ex ea commodo consequat. Duis aute irure dolor in reprehenderit in voluptate velit esse cillum dolore eu fugiat nulla pariatur. Excepteur sint occaecat cupidatat non proident, sunt in culpa qui officia deserunt mollit anim id est laborum.', 'Gary Grimes', '2'),
    ('aff87ce130384a6f87ad890c3b2c699c', '9bec3337dea24f768e3e8240645f7b1f', 'Lorem ipsum dolor sit amet, consectetur adipiscing elit, sed do eiusmod tempor incididunt ut labore et dolore magna aliqua. Ut enim ad minim veniam, quis nostrud exercitation ullamco laboris nisi ut aliquip ex ea commodo consequat. Duis aute irure dolor in reprehenderit in voluptate velit esse cillum dolore eu fugiat nulla pariatur. Excepteur sint occaecat cupidatat non proident, sunt in culpa qui officia deserunt mollit anim id est laborum.', 'Zuzanna Hibbert', '1'),

    ('ad42fd1065f549d69b38647d6366276f', '8fc13ddddc6e4b0490f3ab77ef73e9f2', 'Lorem ipsum dolor sit amet, consectetur adipiscing elit, sed do eiusmod tempor incididunt ut labore et dolore magna aliqua. Ut enim ad minim veniam, quis nostrud exercitation ullamco laboris nisi ut aliquip ex ea commodo consequat. Duis aute irure dolor in reprehenderit in voluptate velit esse cillum dolore eu fugiat nulla pariatur. Excepteur sint occaecat cupidatat non proident, sunt in culpa qui officia deserunt mollit anim id est laborum.', 'Jameson Cantu', '5'),
    ('89500a754bba4cc7b1543fb177ce94a6', '8fc13ddddc6e4b0490f3ab77ef73e9f2', 'Lorem ipsum dolor sit amet, consectetur adipiscing elit, sed do eiusmod tempor incididunt ut labore et dolore magna aliqua. Ut enim ad minim veniam, quis nostrud exercitation ullamco laboris nisi ut aliquip ex ea commodo consequat. Duis aute irure dolor in reprehenderit in voluptate velit esse cillum dolore eu fugiat nulla pariatur. Excepteur sint occaecat cupidatat non proident, sunt in culpa qui officia deserunt mollit anim id est laborum.', 'Bradley Salgado', '4'),
    ('81979098690b450ea859275f14104f85', '8fc13ddddc6e4b0490f3ab77ef73e9f2', 'Lorem ipsum dolor sit amet, consectetur adipiscing elit, sed do eiusmod tempor incididunt ut labore et dolore magna aliqua. Ut enim ad minim veniam, quis nostrud exercitation ullamco laboris nisi ut aliquip ex ea commodo consequat. Duis aute irure dolor in reprehenderit in voluptate velit esse cillum dolore eu fugiat nulla pariatur. Excepteur sint occaecat cupidatat non proident, sunt in culpa qui officia deserunt mollit anim id est laborum.', 'Max Armstrong', '3'),
    ('6e830f192376413a9f62a5d0d0eb1bce', '8fc13ddddc6e4b0490f3ab77ef73e9f2', 'Lorem ipsum dolor sit amet, consectetur adipiscing elit, sed do eiusmod tempor incididunt ut labore et dolore magna aliqua. Ut enim ad minim veniam, quis nostrud exercitation ullamco laboris nisi ut aliquip ex ea commodo consequat. Duis aute irure dolor in reprehenderit in voluptate velit esse cillum dolore eu fugiat nulla pariatur. Excepteur sint occaecat cupidatat non proident, sunt in culpa qui officia deserunt mollit anim id est laborum.', 'Lucien Carter', '2'),
    ('0ba1798ce4fd4c2a83306f924473f7a6', '8fc13ddddc6e4b0490f3ab77ef73e9f2', 'Lorem ipsum dolor sit amet, consectetur adipiscing elit, sed do eiusmod tempor incididunt ut labore et dolore magna aliqua. Ut enim ad minim veniam, quis nostrud exercitation ullamco laboris nisi ut aliquip ex ea commodo consequat. Duis aute irure dolor in reprehenderit in voluptate velit esse cillum dolore eu fugiat nulla pariatur. Excepteur sint occaecat cupidatat non proident, sunt in culpa qui officia deserunt mollit anim id est laborum.', 'Hasnain Lynch', '1');
